id;street_address;postal_code;city;state_province
1;Secured Program;Sénégal program Guatemala;West Tuyết Trinhfort;Soft Campuchia
2;installation International generating;Chief;Lake Anh Dũngburgh;Gold harness
3;neural;e-commerce Reverse-engineered Directives;South Nhã Trúcfort;Outdoors
4;pink;SCSI;East Mai Loanmouth;Fuerte Sports
5;17(E.U.A.-17) Frozen Vatican;analyzer;St. Louis;extend help-desk Cambridgeshire
6;Exclusive cutting-edge;compelling Beauty;Như Quỳnhton;Principal mobile
7;infomediaries Guinée Licensed;Missouri JBOD;Quốc Khánhchester;Jewelery Bacon
8;Licensed Forward;connect Toys Assurance;East Mai Hàland;blockchains
9;Refined Nigeria synthesize;digital withdrawal;Đàobury;IB
10;Parks;utilisation Gardens;Warner Robins;Bhutanese extensible
